videoid,category
cA-O4oS-Wb8,Film & Animation
AUzkqT1Gaos,Music
Ttl8246Jp18,People & Blogs
mfqcRoldxO0,People & Blogs
Bvp0iCbXnyQ,People & Blogs
FBnB3IH_6Hk,People & Blogs
6b2AGAB2pA0,People & Blogs
XJCrR9HcH9Y,Comedy
S1xIsfnHcxc,Entertainment
3-Xq_Zz3nPA,Film & Animation
FpHgR7izIvI,Music
8gds2_1I6Fk,Music
_-pdljs3KJA,Music
OcYUEsZ1crg,Music
8wL_ikgTThE,Music
C-aeAUmP40M,Music
FzLpP8VBC6E,Music
jnxTNyxBHRk,Music
0RZ-Vym4T_0,Entertainment
3-Xq_Zz3nPA,Film & Animation
ZEs_WSJytNo,Entertainment
fojXwix2ke0,Entertainment
1bK5dzwhu-I,Music
nQh1qgygFNY,Music
UH3rWgB3pwE,Entertainment
i7CxJiMnCDc,Film & Animation
4cJPv7ShKQE,Music
PmYylOWeIWY,Music
BsF9eOfk2s4,Film & Animation
lFfHp83Xm04,Education
JFP24D15_XM,Film & Animation
lkJKyRjsuck,Entertainment
vWFq2T5j390,Entertainment
p9-YLYCUYdY,Music
5X7WWVTrBvM,Music
q27Nvqrv6bA,Comedy
v7K4vGYL9zI,Music
_KhQT-LGb-4,Music
jFGKJBPFdUA,Music
5X7WWVTrBvM,Music
J91qes3mXyc,Music
zAWsoFk2yVw,Music
OSUxrSe5GbI,Music
ixkoVwKQaJg,Music
8xTK_f0WUTw,Howto & Style
9TUS_W0cePw,Howto & Style
2rlMNJa_4Z0,Howto & Style
atNFx56UrWs,Howto & Style
1csfuyxfaCM,Howto & Style
tNYEedSem1g,Howto & Style
I6xFINBy8jU,Howto & Style
3ZPywGdT8Ok,Howto & Style
Cv86JTOdJFo,Howto & Style
ka5rioDPp0o,Howto & Style
LG4uuy_xYLg,Howto & Style
9vL3EjTn34E,Howto & Style
yMtUsS849Qg,Howto & Style
kyQkoYTJ4mo,Howto & Style
_kk8fh3mlZ8,Howto & Style
gRlvn8zi7PY,Howto & Style
nWTR3xTe9iw,Howto & Style
i487ttwqIe0,Howto & Style
yx6XSu6Lyow,Howto & Style
hdiJwvGylxM,Howto & Style
qFkPO7-o7ng,Howto & Style
DTgWyvoDoZQ,Howto & Style
i76omG1ENqo,Howto & Style
YLpcLGxG_XE,Howto & Style
II02TV6pvf4,Howto & Style
ULyDUYoaqxE,Howto & Style
1EaXrdzvmJU,Howto & Style
-VOaEJvIip4,Howto & Style
R409XU7SSlY,Howto & Style
4COJmCaMxXg,Entertainment
jlq9yjDUZN8,Film & Animation
uxV1_-7WrgU,People & Blogs
naQXCgKgsXM,Howto & Style
4eIBisqx9_g,Education
b-p3MDXJkrw,Science & Technology
eYrRVu7T12Y,Entertainment
HVsySz-h9r4,Education
OdbBmvfThJY,Science & Technology
jvZL7oTTtR8,People & Blogs
1jkszm02PbY,People & Blogs
xbQDdCN6IBg,Science & Technology
TDynSmrzpXw,Education
jSZ9jQy1sfE,Education
w06KRjtufsE,Education
4c9s3gNn-VY,People & Blogs
1xEMPm2Hp_4,Entertainment
kurYPREl2dQ,Entertainment
0LqSqnkTzxI,Entertainment
EZ1YCFn1TR4,Film & Animation
QVgSyvzmbxw,Music
bbMLUadeMnA,Entertainment
UvQ9y4w8unE,Entertainment
zEv5_YspYRk,People & Blogs
_IuJsaMqtqc,Music
2X-UY1BMqSk,Film & Animation
0xVqLJe9_CY,Education
Q-BpqyOT3a8,Science & Technology
Im69kzhpR3I,Science & Technology
hd1W4CyPX58,Education
MN1F7X8i7sQ,Howto & Style
pDPdTc6p7_g,Science & Technology
8xTK_f0WUTw,Howto & Style
9TUS_W0cePw,Howto & Style
2rlMNJa_4Z0,Howto & Style
atNFx56UrWs,Howto & Style
1csfuyxfaCM,Howto & Style
tNYEedSem1g,Howto & Style
I6xFINBy8jU,Howto & Style
3ZPywGdT8Ok,Howto & Style
Cv86JTOdJFo,Howto & Style
ka5rioDPp0o,Howto & Style
LG4uuy_xYLg,Howto & Style
9vL3EjTn34E,Howto & Style
yMtUsS849Qg,Howto & Style
kyQkoYTJ4mo,Howto & Style
_kk8fh3mlZ8,Howto & Style
gRlvn8zi7PY,Howto & Style
nWTR3xTe9iw,Howto & Style
i487ttwqIe0,Howto & Style
yx6XSu6Lyow,Howto & Style
hdiJwvGylxM,Howto & Style
qFkPO7-o7ng,Howto & Style
DTgWyvoDoZQ,Howto & Style
i76omG1ENqo,Howto & Style
YLpcLGxG_XE,Howto & Style
II02TV6pvf4,Howto & Style
ULyDUYoaqxE,Howto & Style
1EaXrdzvmJU,Howto & Style
-VOaEJvIip4,Howto & Style
R409XU7SSlY,Howto & Style
tcIqIIHmX_U,Science & Technology
4pGn5Y1qM9k,People & Blogs
x6Q7c9RyMzk,Music
BU9TdMqLAIg,People & Blogs
lMhoz29A2Jg,Howto & Style
bQKL2cYt2PI,Science & Technology
ULyDUYoaqxE,Howto & Style
1EaXrdzvmJU,Howto & Style
-VOaEJvIip4,Howto & Style
R409XU7SSlY,Howto & Style
gB8OmhRJ0D8,Education
bLxoZZ_EkL8,Education
XPamNWh9E5c,Education
ULyDUYoaqxE,Howto & Style
ULyDUYoaqxE,Howto & Style
R409XU7SSlY,Howto & Style
TtvFh43JA8M,People & Blogs
tdCk3NQC_FU,People & Blogs
cD69UJeIZ_c,People & Blogs
II02TV6pvf4,Howto & Style
Yn4xfvGaau8,Howto & Style
BU9TdMqLAIg,People & Blogs
CriSHYMtg9M,Science & Technology
kcYc9SQ7JjY,People & Blogs
siyDNe7SPZU,People & Blogs
0oc1QJmyPB8,People & Blogs
P_aDrH_gxs4,Entertainment
6snR8lupF5E,People & Blogs
tI8ijLpZaHk,Science & Technology
gxJyevFd9FE,Science & Technology
4pGn5Y1qM9k,People & Blogs
gxJyevFd9FE,Science & Technology
EiGl2Ag35AI,Education
c4ybC5bUA7U,Education
